Intervention name,Year of original assessment,Original CE estimate (x cash),Original reason deprioritized,Likelihood worth revisiting (H/M/L),Updated rough CE estimate (x cash),Confidence in updated estimate (H/M/L),Reason
Rheumatic heart disease prevention,2021,58.6x,Investigation paused — skepticism about cost estimate and modeling complexity,H,~26x (best guess; range 16-54x),L,WHO published first formal clinical guideline on RF/RHD in Nov 2024 (GRADE methodology; strong recommendation for empirical antibiotic treatment in endemic LMIC settings). GBD 2021 shows India burden ~29% higher than assumed (166k vs 129k deaths). 2023 Lancet India CEA finds secondary prevention cost-effective at ~$30/QALY. BOTEC includes 3x cost multiplier and benefit-stream adjustments. Cost remains the pivotal unknown. See writeup.
Uterotonics for prevention of postpartum hemorrhage,2017,Not calculated (BOTEC incomplete; naive misoprostol estimate ~$700/life not credible — no mortality evidence),No mortality evidence for misoprostol; TXA trial results not yet published at time of writing,M,~3x (best guess; range 2-7x depending on program costs),L,Rebuilt BOTEC models bundled HSC+TXA program at $2/birth. TXA now WHO-recommended for treatment (not prevention) with confirmed effect (WOMAN trial RR 0.81; 2024 Lancet meta-analysis OR 0.77). HSC is new WHO-recommended product ($0.31/ampoule). CE highly sensitive to per-birth cost — at $1/birth reaches ~6.5x. AMPLI-PPHI cost data (expected mid-2026) would resolve key uncertainty. See writeup.
ProCCM,2017,~$3777/death averted (Ghana iCCM proxy — multiples of cash not computed but likely ~5–7x based on moral weights),Not cost-effective enough (likely near but below 8x bar); conflicting evidence (Ghana vs. Burkina Faso RCTs),L,~5–7x (no material change),L,ProCCM RCT (Mali 2017-2020) found no mortality benefit from proactive home visits specifically vs. control arm (both arms received professional CHWs + reinforced clinics). Muso Health observational data (2008-2015) shows dramatic U5MR decline (154→7/1000) at ~$8/person/year but no control group. GiveWell has independently reviewed iCCM and deprioritized it. No new evidence materially raises CE estimate.
Ponseti method clubfoot treatments,2022,~10–12x (writeup says 10x; BOTEC yields 12x),Weak evidence quality (Cochrane 2020: insufficient evidence to compare Ponseti to traditional techniques); high uncertainty about long-term effectiveness (~47% relapse rate at 10 years),L,~8x (GiveWell's 2023 estimate),M,"GiveWell already investigated in depth and awarded a $5.2M grant to MiracleFeet in Jan 2023, estimating CE at ~8x (slightly below 10x bar). Cost per case ($530) is higher than the 2022 QEA assumed ($414). Evidence quality has not improved — still no RCTs of Ponseti vs. untreated controls. 2024 systematic review confirms wide success range (55–100%) and relapse range (3–34%). M&E study underway (GiveWell $600k grant; results expected ~2027) is the next decision-relevant inflection point. No new WHO guidelines on clubfoot."
Diabetes prevention programs (K-DPP),2022,0.62x,Not cost-effective (CE an order of magnitude below bar); non-significant RCT result (RR 0.88 p=0.36); uncertain DALY burden from preventing diabetes short-term,L,~0.6–1x (no material change),L,"No material developments since 2022. The K-DPP RCT (2018) remains the sole trial; its 12% diabetes reduction is non-significant (p=0.36). A 9-year follow-up study is underway (protocol published March 2023) but results are not yet published. GBD 2021 confirms growing diabetes burden in LMICs (DALYs up ~42%) but this does not help CE arithmetic — the intervention effect is too small and the DALY-per-case-prevented estimate (speculatively 1) too uncertain. Even at 10 DALYs per case prevented the CE would only reach ~6x. The gap to 8x is too large to bridge with plausible parameter changes."
Flood-tolerant rice in South Asia,2022,3.7x (standalone door-to-door); 9.9x (threshold with mobile platform),Not cost-effective as standalone program; CE highly dependent on delivery platform cost; limited RFMF (~$32M one-time in India),L,~4x standalone / ~10x via platform (no material change),L,"Standalone CE (3.7x) far below bar. Platform delivery (PxD) threshold analysis (9.9x) barely clears 8x and depends on PxD cost structure. Some favorable updates: (1) no yield penalty in non-flood years confirmed (removes a key downside risk); (2) PxD actively distributing Swarna-Sub1 in West Bengal; (3) climate change increasing flood frequency. But GiveWell is already investigating PxD separately (scoping grant $540k March 2022) — flood-tolerant rice bundling would be part of that broader evaluation. Adoption still low (~1% in Bangladesh per DNA fingerprinting). Next-gen varieties surviving 3+ weeks submergence in development but not yet deployed. Not worth independent investigation."
Legislation for road traffic safety,2022,~13x median across 5 countries (range 5–38x; India outlier at 38x),Speculative — CE model borrowed from alcohol policy BOTEC with minimal adaptation; uncertain enforcement costs; Bloomberg already heavily funding road safety,L,~8–12x (likely lower than original due to reduced neglectedness),L,"Space has become less neglected since 2022: Bloomberg doubled commitment to $240M (2020-2025) covering 16 countries including Brazil/Egypt/Ethiopia/India — the same countries modeled in the QEA. Original CE highly speculative (parameters borrowed from alcohol policy model; key inputs like 35% advocacy success rate and 4% burden reduction are guesses). Government enforcement costs were likely underestimated (-20% adjustment; CE report notes enforcement can increase $/DALY up to 10x). India (38x) drives most of CE but Bloomberg already active there (Mumbai/Delhi/Bengaluru). Rethink Priorities found some niche remaining opportunities (Pakistan/Thailand) but overall space is well-funded. GBD 2021: 1.2M deaths/65M DALYs unchanged. Not worth independent investigation — limited counterfactual impact given Bloomberg dominance."
Oral azithromycin during labor,2022,~12x (threshold analysis assuming ≥7% neonatal+maternal mortality reduction),Pending trial results — original was threshold analysis only; flagged for revisit in early 2023,M,~4x at $3/pregnancy in Nigeria (range ~2x at $7 to ~9x at $1.50; highly cost-sensitive),L,"A-PLUS trial (NEJM 2023 n=29278) found strong maternal benefit (RR 0.67 for maternal sepsis/death; 95% CI 0.56-0.79) but null neonatal result (RR 1.02). PregnAnZI-2 confirmed neonatal null. Neonatal mortality drove 66-86% of original CE — now zero. Maternal effect is 4x larger than assumed (33% vs 8%) but applies to relatively few deaths per pregnancy. CE in high-MMR settings (Nigeria 735/100k) could reach 8x+ at low delivery costs ($1.50/pregnancy). Drug costs only $0.91/dose. Lancet Global Health 2025 CEA finds cost-saving from health system perspective. No WHO recommendation yet; AMR concerns remain. See writeup."
Phone audits to improve government service delivery,2022,0.15x,Not cost-effective — underlying cash transfer program in middle-income India is far less CE than GiveDirectly; leverage framing yields negative CE by standard assumptions; no identifiable implementer for TA,L,~0.15x (no material change),M,"No material developments since 2022. The original RCT (Muralidharan et al. 2021; published AEJ:Applied 2021) found a 1.34pp increase in check encashment (p=0.037) at $0.036 per additional dollar delivered. However CE is 0.15x because the underlying program (cash transfers in Telangana; per capita income $2817) is not cost-effective by GW standards. The research team has expanded to Pakistan and Paraguay via J-PAL but no new published results. No organization identified to provide TA for this approach. The concept of phone monitoring for GW-relevant programs (e.g. health service delivery in SSA) is interesting in principle but entirely speculative — no evidence on health outcomes and no concrete pathway to a fundable opportunity."
CCTs for antenatal care facility delivery and postnatal care,2022,~4x (full package) / ~7x (ANC-only),Below 8x bar; based on single Nigerian RCT (Okeke & Abubakar 2020); highly uncertain costs and program design; no clear implementer at scale,L,~4–7x (no material change),L,"No material developments since 2022. The sole RCT with mortality outcomes (Okeke & Abubakar 2020 Nigeria n=10852) found a 29% reduction in miscarriages and 23% reduction in stillbirths from a $14 CCT. But CE at 4x (full package) or 7x (ANC-only) is below the 8x bar. Costs are highly uncertain ($85/woman for full package including admin costs). The Afya trial in Kenya (2022 results) found CCTs for maternal health were not cost-effective (INT$1035 per additional ANC visit). No new RCTs with mortality outcomes since the original. New Incentives demonstrates CCTs work for immunization (9-38x) but that is a different mechanism. GBD 2021 confirms SSA stillbirth burden remains very high (77% of global total) but this does not help CE arithmetic. Even ANC-only at 7x does not clear bar and requires strong assumptions about neonatal mortality reduction from observational data."
Antenatal corticosteroids for preterm birth,2020,~28x (crude BOTEC using HIC effect size with no IV/EV adjustment),Postpone — only LMIC trial (ACT 2014) showed harm from overtreatment; flagged for revisit when follow-up trials report,M,~10–20x (highly dependent on program implementation costs; range ~6x at $100/woman to ~39x at $10/woman),L,"The evidence has shifted dramatically since the original QEA. The WHO ACTION-I trial (NEJM 2020 n=2852 across Bangladesh/India/Kenya/Nigeria/Pakistan) found ACS reduced neonatal death by 16% (RR 0.84; 95% CI 0.72-0.97) in properly targeted hospital settings — resolving the key concern from the ACT trial (which showed harm due to overtreatment of non-preterm births). WHO updated ACS guidelines in 2022 based on ACTION-I. Cost-effectiveness analysis found ACS cost-saving in all 5 trial countries. But implementation gap is massive (~10% of LMIC facilities provide ACS). No clear philanthropic entry point — scale-up requires ultrasound dating capacity + trained staff + adequate neonatal care. Program-level costs are the pivotal unknown. See writeup."
Rabies dog vaccination (MDV + PEP),2022,~9x (average over 13 years; range 1x in Phase I to 11x in Phase III),Back-loaded CE (Phase I ~3x); long timeframe (13 years for DRC); no RCTs — evidence entirely from models and retrospective evaluations; high implementation risk,L,~9–14x (improved by GAVI PEP support but still back-loaded and uncertain),L,"Original CE model was well-constructed but based entirely on hypothetical 13-year DRC program with no experimental evidence. Major update: GAVI announced support for human rabies PEP in 50+ countries (June 2024) — reduces early-year program costs by ~60% since PEP was 60% of Phase I costs. This could raise average CE from ~9x to ~14x. 2023 Nature Communications analysis confirms large welfare gains ($9.5B over 30 years) from coordinated African vaccination. But: (1) still no RCTs linking MDV to human mortality; (2) 13-year sustained commitment required; (3) Phase I CE still marginal even with GAVI (~3–5x); (4) Zero by 30 progress is slow; (5) RFMF has decreased with GAVI entry and GARC/WHO coordination. Per-dog vaccination costs may be lower than assumed (~$2.70-2.85 vs $4.43 in BOTEC). Not worth independent investigation given lack of experimental evidence and reduced neglectedness."
LPG cookstoves,2022,Not available (original QEA/BOTEC inaccessible due to auth issue),Unclear from original — likely flagged due to weak evidence base and implementation challenges,L,Not cost-effective (no evidence of health benefit from RCTs),M,"Two large RCTs have now definitively shown that LPG cookstove interventions do not reduce child health outcomes. The HAPIN trial (NEJM 2024 n=3200 across Guatemala/India/Peru/Rwanda) found no effect on severe infant pneumonia birthweight or stunting. The GRAPHS trial (Ghana) similarly found no significant effect on birthweight or pneumonia. GiveWell has independently investigated clean cookstoves and concluded it is not a priority program due to lack of clear evidence of effectiveness at reducing health problems. Key implementation barriers include low adoption rates inadequate air quality improvements (PM2.5 still far above WHO standards even with LPG) and low sustained usage. There is no plausible pathway to cost-effective health impact from this intervention."
Selenium supplementation for neonatal sepsis prevention,2021,~5x at $3/infant (pooled RR 0.59); ~25x at $1/infant (Aggarwal-only RR 0.32),Insufficient evidence — only one small LMIC trial (Aggarwal 2016 n=90 India); waiting for Gates-funded research,L,~5x (no material change),L,"No new LMIC trials since Aggarwal 2016 (n=90). The Cochrane review (Darlow 2003 updated) still covers only 3 HIC/LMIC studies. Pooled RR for sepsis episodes is 0.73 (95% CI 0.57-0.93) but not powered for mortality. No WHO recommendation for neonatal selenium supplementation. The Gates-funded research mentioned in the original has not materialized into published results. A 2024 observational study (PMC11626566) confirms association between selenium deficiency and neonatal sepsis but adds no causal evidence. CE at pooled estimate ($3/infant): ~5x. At Aggarwal-only ($1/infant): ~25x but based on n=90 with acknowledged upward biases (excluded early-onset sepsis; used 'sepsis and other infections' from GBD). Evidence base remains too thin to act on."
Radio campaigns for family planning (DMI),2021,2.7–5.3x (across 5 West African expansion countries after IV/EV and leverage adjustments),Below 8x bar; one RCT (Glennerster et al 2021 Burkina Faso); uncertain duration of contraceptive use; low moral weight for CYP (0.67 UoV),L,~3–5x (no material change),L,"CE across West Africa expansion countries: 2.7x (Sierra Leone) to 5.3x (Niger) after 50% IV and 75% EV adjustments plus leverage/funging. Even with optimistic 2-year duration assumption (vs 1.5 years), best case is ~7.1x in Niger — still below 8x bar. GiveWell funded a $500k grant to Family Empowerment Media (FEM) for an RCT in Nigeria (March 2023); trial started mid-2024 but no results yet. DMI scaled to 39 radio stations in Burkina Faso reaching 16.3M people. No new RCTs with results since Glennerster et al 2021. CYP moral weight (0.67 UoV) would need to increase >50% AND cost assumptions would need to improve for CE to approach 8x. FEM RCT results (expected ~2026-2027) could be decision-relevant."
Cleft lip/palate surgery,2021,3x (general) / 9x (severe cases only — low feasibility),Low CE due to high cost ($540/person) and moderate morbidity/consumption effects; GW values mortality prevention more than YLD aversion,L,~3x (no material change),L,"No new RCTs or quasi-experiments since Wydick et al 2020 (n=1118 India). CE at 3x (general) remains well below 8x bar. Severe-only targeting (9x) still faces ethical/reputational barriers — NGOs like Operation Smile/Smile Train unlikely to exclude non-severe cases. A 2023 systematic review (Chung et al) found methodology limitations in existing CLP cost-effectiveness analyses (disability weights skewed to HIC; exclude malnutrition and social stigma). Rural Kenya data suggests surgical costs as low as $201 (vs $540), but this is facility cost only and may not reflect total program costs. GiveWell has not revisited CLP surgery since the 2021 QEA. ~93% of value from YLDs averted — fundamentally limited by GW's relative valuation of morbidity vs mortality."
HIV self-testing,2018,~10x (rough BOTEC excluding ART costs),Uncertain RFMF; rough CEA with key cost exclusions; evidence limited to two Kenya RCTs of self-tests for male partners of pregnant women,L,~5–10x (no material change; space now well-funded),L,"The intervention itself is effective and WHO-recommended (since 2016; updated 2022-23 to include PrEP initiation). Two Kenya RCTs confirmed HIVST roughly doubles testing uptake among male partners. CEA studies in West Africa (ATLAS programme) find $27-126/DALY averted — highly cost-effective. But the space is no longer neglected: PEPFAR Global Fund and UNITAID have massively funded HIVST scale-up through the STAR initiative (2016-2020 6 countries) and beyond. Multiple countries now have national HIVST policies. The original BOTEC's CE of 10x explicitly excluded ART costs ($100-200+/person/year for 18+ years). With ART costs included (even via leverage/funging) CE would be substantially lower. GiveWell's comparative advantage in funding HIVST is limited given massive existing funding flows. Cost per kit distributed: $9-50 depending on population and country."
Non-pneumatic anti-shock garment (NASG),2020,~15x at $8/woman (made-up costs); ~5x at CHAI costs + GBD mortality,Weak evidence (1 underpowered RCT + 5 observational studies); cost per woman highly uncertain; awaiting CHAI cost data,M,~5–15x (strengthened by real-world Zimbabwe results),L,"Pooled non-experimental evidence: RR 0.52 (95% CI 0.36-0.77) for maternal mortality from obstetric hemorrhage. One underpowered cluster-RCT (Miller et al 2013 n=887 15 deaths) found non-significant OR 0.36. Evidence hasn't changed since the original (no new RCTs and authors say an adequately powered RCT is infeasible). However CHAI Zimbabwe pilot (2019-2021) showed real-world promise: NASG used in 90% of potential applications across 34 facilities 50% fewer maternal deaths and zero PPH deaths. Zimbabwe MOHCC has adopted NASG for national rollout. Zambia also scaling (2023 process evaluation published). Device is simple ($75 reusable 72+ times) and WHO-recommended (2012 weak recommendation). Key uncertainties remain: cost per woman ($8 was a guess; CHAI Zimbabwe suggests $750k for national 5-year scale-up). Complements E-MOTIVE PPH bundle (which showed RR 0.40 for severe PPH outcomes NEJM 2023). See writeup."
Adaptive education technology (Mindspark),2020,9–32x (consumption-based; highly dependent on methodology),High uncertainty about long-term consumption estimation from test scores; GW has no consensus methodology for education-to-consumption pathway,L,~5–10x (scale-up shows lower effects but also lower costs),L,"Original CE ranged from 2.2x (Brown methodology) to 9.1x (Evans & Yuan) with potential up to 32x. Scale-up in Rajasthan (J-PAL Year 2 RCT 2019) found somewhat lower effects (0.2 SD in math/Hindi vs 0.37/0.23 in original). However at-scale costs may be dramatically lower: Rs. 130/child/year/subject (~$1.50/year) vs $4/month ($48/year) in original. Net effect on CE is ambiguous. Fundamental issue remains: GiveWell has no consensus methodology for estimating consumption gains from test score improvements. The BOTEC is entirely driven by this uncertain conversion. Cognitive fade-out effects are not modeled. Mindspark operates only in India (15 government schools 6000 students as of 2024-25). No clear pathway to GW funding — education is not GW's primary domain and India is not a priority context. Would require GW to resolve its consumption estimation methodology before this could move forward."
Drowning prevention (community daycare),2020,Breakeven at $2.50/child/year (back-of-envelope only),Waiting for Bloomberg/Johns Hopkins study results; very brief QEA (~45 minutes),L,~0.5x ($17k/life saved vs ~$8k GW bar),M,"The Bloomberg/Johns Hopkins PRECISE study has now been published. The crèche intervention in rural Bangladesh reduced drowning by 89% (higher than the preliminary 70% claim). Cost per child: $16/year — well above the $2.50/year breakeven for GW CE. ICER: $17,008/life saved or $362/DALY averted. By GW standards ($5-8k/life saved at 8x bar) this is ~0.5x cash — far below threshold. Bangladesh government approved $32M 3-year program in February 2022 scaling from 2,500 to 8,000 childcare sites for 200,000 children — reducing neglectedness further. 2024 global scoping review (Frontiers in Public Health) confirms effectiveness of supervision-based interventions but does not identify cheaper delivery models. Secondary benefits (injury prevention cognitive development) exist but are not enough to bridge the CE gap."
Rape/sexual violence prevention (No Means No Worldwide),2019,No CE model produced (moral weight for rape prevention unresolved),Methodological weaknesses in two RCTs (experimenter demand effects school-level analysis not pre-registered); awaiting third RCT; no cost-effectiveness model,L,Not calculable (moral weight issue persists; newer RCT null),L,"A newer cluster-RCT of the IMpower + SOS program in Nairobi informal settlements (2016-2018 published Prevention Science 2023) found NO significant effect on sexual assault (OR 1.21; 95% CI 0.40-5.21 p=0.63). This contradicts the earlier Baiocchi 2016 result (51% decrease) and partially contradicts Decker 2018 (Malawi RR 0.68). The null result validates the methodological concerns flagged in the original QEA — earlier positive findings may have been driven by experimenter demand effects (instructors conducted surveys) and school-level analysis artifacts. GiveWell still has no moral weight for rape/sexual assault prevention making CE comparison to cash transfers impossible. Even if effects were real the program would require GW to establish how to value preventing sexual violence relative to preventing death — a sensitive methodological question the original QEA explicitly deferred. Not worth revisiting given the null third RCT."
Antibiotic treatment of bacterial vaginosis in pregnancy,2019,No BOTEC (antibiotics clear BV but don't prevent preterm birth),Strong BV-PTB association but mass antibiotic treatment doesn't reduce preterm birth (Cochrane RR 0.88 NS); mechanism unclear,L,Not cost-effective (confirmed by new evidence),M,"Two major new publications confirm the original finding. (1) AuTop RCT (JAMA 2023 n=6671 Australia): molecular screening + treatment for BV before 20 weeks found no significant reduction in preterm birth (3.8% vs 4.6% p=NS). (2) Klebanoff 2023 individual participant data meta-analysis: antibiotic treatment of BV does not reduce preterm delivery. A 2025 network meta-analysis found probiotics had the most potential but evidence remains preliminary. One positive signal: a 2024 systematic review found BV treatment may reduce PTB specifically in high-risk women — but 'high-risk' screening is difficult to operationalize in LMIC settings and the effect is from a subgroup analysis. The fundamental puzzle from the original QEA persists: BV is strongly associated with PTB but treating it doesn't prevent PTB. The original speculation (BV may be a marker for another condition or the resistant infections are the ones causing PTB) remains unresolved. No pathway to GW-fundable intervention."
Striga control,2017,~3–4x (writeup rough estimate; BOTEC gives ~0.5x over 10 years),No direct evidence on program effectiveness (only controlled research plots); cost-effectiveness uncertain; agriculture/income pathway not GW's core focus,L,~0.5–2x (no material change),L,"An agriculture/income intervention to control parasitic striga weed on maize in SSA. The IITA ISMA evaluation (Nigeria) showed 55% adoption and 46.8% higher income for participants but this is non-randomized (selection bias likely). Push-pull technology has scaled to ~350k farmers across 18 countries by 2024 (icipe) but remains tiny vs ~100M affected. Striga-resistant maize breeding has progressed (3.4-3.7% annual yield gains in trials) but farm-level adoption remains low. Still no RCTs on program-level effectiveness. Even optimistic 10-year benefit assumptions yield CE well below 8x: the $36/farmer cost and $22.76/year yield gain translate to ~0.5x GD in the BOTEC. The writeup's 3-4x claim was a rough judgment call not derivable from the BOTEC. Fundamentally limited by the income-to-UoV conversion — no mortality channel. Not worth revisiting."
Delivering a pulse oximeter + safe surgery checklist training,2017,No BOTEC (program deemed not evidence-backed),No RCT evidence for mortality reduction from pulse oximeters (Cochrane review); safe surgery checklist evidence weak (before-and-after studies; Ontario natural experiment found no effect),L,Possibly favorable ($115/DALY) but based on unverified 10% mortality assumption,L,"The fundamental evidence gap from the 2017 QEA has not been closed. Cochrane review finding (no evidence pulse oximeters reduce mortality/morbidity in surgery) remains unchanged. WHO Safe Surgery Checklist evidence has improved somewhat: a stepped-wedge cluster RCT found reduced complications and hospital stay; South Carolina DiD analysis (3 years) found 22% mortality reduction; meta-analyses report 44% complication reduction and 23% mortality decrease. But no LMIC RCT on mortality for either intervention. The Lancet Global Health Oxygen Commission (2025) found child deaths fell 25% with pulse oximetry + oxygen but this is for pneumonia management broadly — not surgical pulse oximetry specifically. A 2014 cost-effectiveness analysis found $115/DALY averted for hand-held oximeters but this assumed 10% of anaesthesia-related deaths prevented — an assumption not backed by experimental evidence. Lifebox has distributed 35k oximeters since 2011. Strong expert consensus supports the intervention but GW's framework requires stronger causal evidence. Surgical safety is not GW's typical domain. Not worth revisiting."
Sayana Press injectable contraceptive,2016,~$88700/death averted (mortality channel); main benefit was avoided unwanted pregnancies (~$269 each) and avoided unsafe abortion complications (~$1224 each),Mortality channel weak; CE depended on unresolved moral weight for avoided unwanted pregnancies; self-injection not yet approved,M,~13x at $12/woman-year (range ~7x at $20 to ~35x at $6),M,"GiveWell published a contraception valuation framework (April 2025): 0.7 UoV per woman-year of modern contraception (range 0.3-1.1). This directly resolves the moral weight blocker from the 2016 QEA. Self-injection is now approved in 35+ countries and available in 55+ countries. Meta-analysis of 3 RCTs: self-injection increases 12-month continuation by 27% (RR 1.27 95% CI 1.16-1.39). Uganda cohort: 81% vs 65% at 12 months. Phase 3 trial confirms effectiveness at 4-month intervals (99% efficacy). Using GW's valuation at $12/year (commodity $4 + delivery $8): ~13x. Even at $20/year: ~7x — near bar. At $6/year (lean self-injection): ~35x. Cost per woman-year is the pivotal unknown. GW is actively investigating family planning (FEM grant $500k podcast episode on family planning). Commodity cost locked at $1/dose via Pfizer/Gates/CIFF agreement. See writeup."
Safe abortion (medical abortion provision),2017,3–10x (very uncertain; DCP-3 estimated ~$8k/maternal life saved),Uncertain additionality (do programs replace unsafe abortions or displace other safe options?); unresolved GW moral weight for safe abortion; low mortality case fatality rate (~0.3-0.5%),L,~3–10x (evidence base strengthened but GW-internal blockers unchanged),L,"Evidence base for medical abortion has strengthened materially. WHO 2022 guidelines now recommend self-management of medical abortion and telemedicine delivery for the first time — a significant shift that addresses the original concern about women not having access to health facilities. Multiple LMIC studies show 89-95% complete abortion with self-managed mifepristone+misoprostol. PSI reached ~859k women in 2018. Drug quality is a concern (55% of LMIC samples non-compliant in multi-country study). But the GW-specific blockers from the original QEA have not changed: (1) GW has not resolved the moral weight for safe abortion provision (staff estimates in 2017 ranged from 1/30 to 1/1 of an infant death averted); (2) no program-level evidence on additionality (whether programs increase safe abortions vs. displacing other safe access); (3) mortality channel is narrow (unsafe abortion CFR ~0.3-0.5% even in SSA — morbidity at 33% complication rate is the main benefit but GW weights mortality more heavily). CE could plausibly clear 8x in favorable scenarios (low-cost SSA settings with high additionality) but depends on methodological choices GW hasn't made. Massive RFMF (~25M unsafe abortions/year globally). Not worth revisiting unless GW resolves its moral weight framework for safe abortion."
Case finding and early treatment for leprosy,2017,0.2–6.9x (most probability mass at lower end),Limited evidence on benefits of early detection; most BOTEC parameters were guesses; small global DALY burden (~30k DALYs/year); no mortality,L,~1–3x (no material change),L,"Leprosy remains essentially a morbidity-only disease with near-zero mortality and tiny global DALY burden (~30k DALYs/year). GBD 2021 shows continued decline (ASR 0.58→0.25/100k). Key new development is WHO-recommended SDR-PEP (single-dose rifampicin post-exposure prophylaxis): the PEOPLE cluster-RCT (Lancet Global Health 2024) found individual-level IRR 0.55 (p=0.005) and the LPEP programme demonstrated feasibility in 7 countries (150k+ contacts treated). But SDR-PEP shifts the intervention from case detection to prevention — and even optimistic SDR-PEP scenarios yield only ~1–3x cash transfers because there are no deaths to avert and disability weights are low (0.152 for severe impairment). LepVax (first leprosy-specific vaccine) entered Phase 1b in Brazil (Oct 2024) but is too early to affect CE. Novartis continues donating MDT drugs. Original BOTEC had #REF! errors and most parameters remain unresolvable guesses. Not worth revisiting — fundamental CE arithmetic unchanged."
Multi-micronutrient supplementation (MMS) during pregnancy,2021,~7x (range 2-14x),Costs highly uncertain; moral weight for averting LBW (3 UoV) was a rough guess; WHO recommended MMS only in context of rigorous research,M,~9x at $3/pregnancy (range ~5x at $6 to ~13x at $2),L,"WHO included UNIMMAP MMS on Essential Medicines List (2021) and upgraded recommendation to ""in context of rigorous research"" (2020). Kirk Humanitarian committed $125M and reached 75M pregnant women in 111 LMICs at $0.0118/dose ($2.13/pregnancy). 2025 meta-analyses confirm benefits extend beyond birth: stunting reduced (RR 0.86) and underweight reduced (RR 0.86) through 24 months. Copenhagen Consensus 2023 named MMS one of 12 best investments ($37 return per $1). CE improvement driven primarily by reduced commodity costs ($3/pregnancy vs original $4). Key uncertainties: incremental programmatic costs of IFA→MMS transition and MW for LBW (3 UoV is still a rough guess). See writeup."
Large scale school feeding programs,2022,~2-3x (preschool ~2.6x; school ~2.5x),Not cost-effective (~2-3x cash); ~$41/beneficiary/year cost is ~83x higher than deworming; uncertain long-term effects of weight gain on adult income,L,~2-3x (no material change; possibly higher with long-term income evidence but offset by higher costs and reduced RFMF),M,"2025 Cochrane review (40 studies 91885 students) confirms 'modest but real' effects on weight enrollment and math. New long-term evidence from China (2024) finds +12.4% adult wages from school feeding — but this is from a middle-income country with uncertain external validity to SSA. Sweden study (2022) finds +3% lifetime income. However costs appear higher than the $41/beneficiary the original assumed: CGDev 2023 survey finds $110/child/year in low-income countries for 200 meal days. Space is massively government-funded ($84B/year 99% from domestic budgets). 107 countries now have national school meals policies (up from 56 in 2020). 466M children globally receive school meals. GiveWell has not publicly investigated school feeding. Even if long-term income effects are larger than originally modeled the higher costs and near-zero marginal philanthropic impact (given dominant government funding) make this unpromising for GW. Room for more funding is minimal."
Community salt substitution,2020,0.9-1.9x (across three cost scenarios),Small effect size (~1.2 mmHg systolic BP reduction); entire population needs continuous treatment; effect modeled indirectly via BP-to-outcome relationship,L,~2-4x (updated with SSaSS hard endpoint data but offset by lower moral weight for elderly CVD deaths),M,"The SSaSS trial (NEJM 2021 n=20995 600 villages rural China) found 14% stroke reduction (RR 0.86) 13% MACE reduction (RR 0.87) and 12% all-cause mortality reduction (RR 0.88) — hard clinical endpoints far exceeding what the original BP-based indirect modeling predicted. WHO published first-ever guideline recommending salt substitution (Jan 2025 conditional recommendation). 2024 meta-analysis (Annals of Internal Medicine 16 RCTs 27710 participants): all-cause mortality RR 0.88. SSaSS within-trial CEA found salt substitution was DOMINANT (cost-saving) from health system perspective. Indonesia modeling: cost-saving with 200k+ deaths averted over 10 years. Despite these impressive results CE by GW standards likely only rises to ~2-4x because: (1) CVD deaths are mainly in elderly — the original BOTEC used MW=54.8 but didn't age-adjust and most beneficiaries are 60+ with lower remaining life years; (2) SSaSS population was high-risk (73% prior stroke 88% hypertensive) — general population effects are smaller; (3) Bloomberg/Resolve to Save Lives spending $215M on sodium reduction already. Most evidence from China/Taiwan; generalizability to SSA limited. No organization implementing community salt substitution at scale in LMICs outside trial settings."
WASH interventions to decrease hospital acquired infections,2021,Up to 4x best guess (8-11x under optimistic cost assumptions),Weak evidence (no impact evaluation of BASICS or closely related interventions); high complexity (behavioral intervention requiring sustained supply of cleaning products); uncertain costs per birth,L,~4x (unchanged; APT-Sepsis trial is encouraging but covers broader intervention than WASH alone),M,"APT-Sepsis trial (NEJM 2025 59 facilities Malawi/Uganda 431394 births) found 32% reduction in severe maternal infection outcomes (RR 0.68) — the strongest LMIC evidence to date. However APT-Sepsis is a broad IPC intervention (hand hygiene + antibiotics + sepsis detection + treatment bundle) not just WASH/cleaning. Zambia neonatal IPC bundle (pre-post) found hospital mortality fell from 23.6% to 18.0%. WHO 2024 IPC report estimates 3.5M patients could die from HAIs annually; IPC could avert 821k deaths by 2050. WaterAid 2024: 2.6M HAIs and 275k deaths in 7 SSA countries costing $8.4B/year. But BASICS still has no published impact evaluation — the original QEA's central concern persists. WASH FIT (main WHO tool) implemented in 53+ countries with billions invested but has no rigorous evaluation. Systematic review of neonatal HAI prevention found no studies in low-income countries. Cost per facility ($25k setup + $10k/year) not updated. Policy momentum strong (UN GA resolution 2023; 101 countries reporting) but no clear philanthropic funding opportunity. Even applying the APT-Sepsis effect size (32% vs original 16%) to the BOTEC only raises CE to ~7.6x in high-NNM countries — still below 8x bar."
Digital tools to enhance take-up of welfare programs,2022,~3x (range 2-12x),One flawed RCT (Blanco & Vargas 2014 85% attrition self-reported outcomes); 60% IV discount; speculative cost assumptions,L,~1-3x (evidence weakened since original),M,"DellaVigna & Linos (2022 Econometrica) found academic nudge effects are 6x larger than at-scale effects (8.7pp vs 1.4pp across 126 RCTs and 23M individuals) — strongly suggesting the original 12pp effect from Blanco & Vargas would not replicate. Hanna et al. (2024 REStat Thailand) found low enrollment may be due to low valuation rather than information barriers — a fundamental challenge for SMS-based approaches. Page et al. (2023) found zero impact from national-scale FAFSA SMS nudges (800k students). J-PAL/CID 2024 evidence review: information alone insufficient; enrollment assistance needed. No new direct RCT on SMS for welfare enrollment in LMICs since Blanco & Vargas 2014. SMS costs very low (<$0.01/message in most LMICs) but effect size deflation more than offsets cost savings. G2P digital infrastructure expanded massively (865M new accounts during COVID) but this benefits direct digital delivery not SMS nudges. CE likely lower than original 3x given scale-up discount on effect size."
Safe birth kits,2022,~2.4x (max 4.4x in Somalia),Very limited experimental evidence; Björkman Nyqvist 2022 RCT null (only 10% received kits); cost ~$10/kit; targets only ~11% of neonatal deaths,L,~2-4x (no material change),L,"Still no well-powered RCT showing mortality reduction from birth kits alone. Arowosegbe et al. 2023 (Nigeria cluster RCT n=453): neonatal infection RR 0.64 (p=0.10) — promising direction but underpowered. iNCK trial in Pakistan (~27000 women) could be pivotal but results pending and tests bundled intervention (kit + CHX + emollient + thermal care). Gebeyehu et al. 2024 meta-analysis of 12 observational studies: CDK use associated with reduced mortality/sepsis but all observational evidence. Lee Him et al. 2024 descriptive review: ~27% mortality reduction from clean birth kits across heterogeneous designs. Cost slightly favorable: JANMA kit ~$2.20 locally assembled (vs ~$10 original); iNCK CEA found $74/DALY averted. No new Cochrane review on birth kits. WHO position unchanged. Global trend toward facility-based care may shrink target population. Even at lower cost ($2.20/kit) CE arithmetic doesn't clear 8x given the small share of neonatal deaths targetable (~11% infection/sepsis-related) and uncertain effectiveness."
Midwifery school support,2022,~5.3x (3.9x before leverage/funging),Weak evidence (no direct midwife RCT; used physician proxy from Okeke & Abubakar 2021); no clear funding opportunity; preferred HDLF training instead,L,~4-5x (no material change),L,"No new direct RCTs linking midwife training to neonatal or maternal mortality. The evidence gap from the 2022 QEA persists. WHO released a midwifery models of care position paper (2024) and implementation guidance (2025) calling for global expansion but these are policy signals not clinical evidence. A 2023 Morocco cost-benefit analysis found 16:1 BCR but this is LiST modeling and implied ~$5290/life saved — above GW's bar. Africa's midwife workforce nearly doubled 2013-2022 (173k to 334k) but shortage remains massive (~750k by 2030). Amref continues small-scale e-learning midwife upgrading programs in Uganda/Malawi/Zambia but no at-scale training program identified. 2025 UN reports flag funding cuts to midwifery support. Original CE of 3.9x (5.3x with leverage/funging) was already well below the 8x bar. Breakeven required 2.56% NMR reduction — plausible but unsupported by evidence. No material change to CE arithmetic."
Manual water pumps for farming households,2022,-4.9x (best guess) / 3.3x (optimistic no offset) / 5.6x (optimistic 12yr lifespan),Not cost-effective — farm revenue gains offset by non-farm income losses; even optimistic scenario (3.3x) well below bar,L,~2-4x (no material change),L,"Dyer & Shapiro study now published in Journal of Development Economics (2023) — same results as working paper. Farm revenue +13% but offset by reduced non-farm income producing net negative annual income effect. BOTEC shows 1.7x (base) and 4.2x (optimistic). No new RCTs on manual irrigation pumps for smallholder farmers. Solar-powered irrigation gaining more attention (SunCulture CGIAR IIASA) but is a different technology at much higher price points. One Acre Fund (potential implementer) offers bundled agricultural programs at lower cost with similar income gains. Even under optimistic assumptions (no offsetting + 12yr lifespan) CE reaches only 5.6x — still well below 8x bar. Not worth revisiting."
Genetically modified eggplants (Bt brinjal),2022,~3.1x (best guess; range 0.3-14x),Low CE; unclear funding opportunity beyond USAID; key parameters uncertain (profit vs revenue; % income from eggplant; seed reuse),L,~3x (no material change),L,"No new experimental evidence on income/consumption effects since Ahmed et al 2020 RCT. Bangladesh adoption has actually declined from peak of 11.9% of brinjal cultivation land (2021) to 5.3% (2023) despite ~65k farmers growing it. Philippines approved Bt eggplant in Oct 2022 but Court of Appeals issued cease-and-desist in April 2024 citing insufficient scientific certainty; Supreme Court petition pending. India moratorium on Bt brinjal remains in place. USAID continues as primary funder ($10M to Cornell/IREP for commercialization). A 2025 Pabna district study confirms income benefits but is observational. Key uncertainties from original QEA persist: profit vs revenue gap unclear what share of HH income comes from eggplant and seed reuse rates uncertain. CE at 3.1x well below 8x bar. No clear philanthropic funding gap — USAID dominates the space. Not worth revisiting."
Commodity acquisition for iCCM (ORS/zinc + amoxicillin),2022,~14x in Zamfara Nigeria (2.5x in DRC),Flagged for further investigation — CE appeared high but key effect sizes uncertain and not fully vetted; MSH commodity gap claim unverified,L,~17x (GiveWell's own estimate for CHAI program),M,"GiveWell has already validated and is actively funding this opportunity. CHAI received $8.07M (Sep 2023 grant later increased) for ORS/zinc distribution in Bauchi Nigeria reaching ~1.5M children; GW estimates 17x cash (24x including RCT learning value). New Incentives received $4.8M (Oct 2024) for ORS/zinc alongside immunization. Clear Solutions ran a pilot in Kano (Dec 2023). An active RCT is measuring ORS usage impact with results expected mid-to-late 2025. The original QEA correctly identified this opportunity at 14x — close to GW's current 17x estimate. The amoxicillin component (29% of original benefits) is not being pursued separately. Not rated Medium/High because the opportunity is already being pursued by GiveWell — there is nothing additional to recommend."
Deworming pregnant people,2022,2-7x standalone / 28x add-on,Low CE as standalone (2-7x); add-on CE (28x) depends on $0.10 cost assumption; limited RFMF; proposed checking with Evidence Action,L,~2-7x standalone / ~28x add-on (no material change),L,"No new major RCTs since the 2021 Cochrane review and 2019 IPD meta-analysis. Evidence still limited (<4000 pregnancies across trials). Maternal anemia reduction ~20% and suggestive LBW reduction ~11% remain the best estimates. Evidence Action pursued maternal syphilis in Liberia (exit grant April 2024) and expanded to Zambia/Cameroon ($15M grant July 2022) but did not add deworming as an intervention. The add-on scenario (28x) remains theoretically attractive but depends on the $0.10 marginal cost assumption and requires a delivery platform — no implementer has picked this up. Standalone CE (2-7x) remains well below 8x bar. Safety data unchanged (no first-trimester concerns confirmed). A 2021 retrospective cohort (PLOS NTDs) found deworming during ANC associated with 14% neonatal mortality reduction but observational only. Not worth revisiting unless an implementer identifies a low-cost add-on opportunity."
Unconditional cash transfers for pregnant people,2022,~1.7x cash,Below bar — high cost per person (~$1061); modest incremental health benefits over untargeted UCTs; $26k cost per life saved,L,~1.5-2x (no material change relative to cash),M,"Major new evidence from GiveDirectly Kenya study (2025 107000+ births): $1000 UCT reduced infant mortality by 48% and neonatal mortality by 63% when cash arrived around time of birth. However this finding primarily affects GiveDirectly's baseline CEA — the comparison denominator — rather than the targeted pregnancy UCT's numerator. The original QEA explicitly predicted this: 'to the extent that some of these effects should be seen in a blanket UCT program the cost-effectiveness of this program relative to cash should decline.' The targeted program's advantage over untargeted cash remains modest (~1.7x) because (1) the cash transfer itself is the primary value and is already captured in GiveDirectly's model and (2) the incremental health benefits of targeting are small relative to the higher administrative costs of identification. The Muralidharan India RCT (J-PAL South Asia) on UCTs for pregnant/lactating mothers in Jharkhand has not published results yet. Cost per life saved (~$26k) still well above GW's other programs. Not worth revisiting."
Generic hepatitis C medication,2021,0.3x (low SDI) / 1.1x (high-burden LMICs) / 0.4x (CHAI Myanmar),Low CE due to high per-person cost ($112-169) and low baseline mortality; primarily averts deaths of older adults (MW=54); would need to cost ~$15/person for 8x,L,~0.5-2x (slightly improved by lower drug prices but still far below bar),L,"Generic DAA prices have continued to fall: $39 in India $60 in Rwanda $84 in Egypt (vs $87-112 in original). The VIETNARMS trial (2024 624 patients) directly compared SOF/DCV and SOF/VEL and supports SOF/DCV — the cheapest option globally. WHO 2030 elimination targets are off track (only 24% of high-income countries on target; LMICs further behind). CHAI has an HCV elimination strategy targeting 16M people across 34 countries. But fundamental CE arithmetic is unchanged: even at $60/person CE roughly doubles to ~2x in high-burden countries — still far below 8x bar. The constraint is structural: (1) hepatitis C deaths concentrated in 60-69 age group (low moral weight 54); (2) low baseline annual mortality rate per infected person (~1%); (3) per-person treatment costs cannot plausibly reach $15. GW has not publicly investigated hepatitis C. Not worth revisiting."
Antiviral procurement for COVID-19,2022,15-27x (molnupiravir) / 22-42x (Paxlovid) including leverage adjustments,No writeup — BOTEC only; pandemic-era opportunity assessment,L,Not applicable (intervention obsolete),M,"COVID-19 is no longer a public health emergency (WHO declared end of emergency May 2023). Populations have substantial natural and vaccine immunity. COVID mortality has plummeted globally. The original BOTEC was based on pandemic-era assumptions: 4x location-specific death risk multiplier high CFRs (1.3-1.8% among high-risk) and no prior immunity. These assumptions no longer hold. A 2023 cost-effectiveness analysis in Ghana/Rwanda/Zambia found neither molnupiravir nor Paxlovid cost-effective in the all-adult population; only Paxlovid showed value for very specific high-risk elderly subgroups. The UK PANORAMIC trial (2023) found molnupiravir did not significantly reduce hospitalizations or deaths in vaccinated populations. African governments largely decided not to procure substantial quantities based on these analyses. Generic Paxlovid is available under $25/course via CHAI agreements but demand is minimal. This intervention is essentially obsolete in its original pandemic framing. Not worth revisiting."
Community-based antibiotic delivery for PSBI management,2020,No CE estimate (brief note only),No evidence on standalone antibiotic effect — 4/5 Cochrane studies bundled antibiotics with other interventions; one standalone trial found no effect on mortality,L,~2-4x (based on Ethiopia model $223/DALY averted),L,"Evidence has improved substantially since the brief 2020 note. WHO published comprehensive new SBI guidelines (Dec 2024) with 11 recommendations (4 new 7 updated) including strong recommendations for non-hospital settings. Lancet Global Health 2025 RCT (n=7001 across 6 LMICs) demonstrated outpatient treatment non-inferior to inpatient for low-risk PSBI (7.7% vs 7.8% poor clinical outcomes) with significantly lower mortality in outpatient arm (0.3% vs 0.7%). Treatment costs $20-43/infant in outpatient settings; Ethiopia cluster-RCT found adding PSBI management at health posts reduced post-day-1 NMR by 17% at $223/DALY averted. However CE by GW standards is only ~2-4x ($223/DALY vs ~$100-150 at 8x bar). Original concern about standalone vs bundled effect partially but not fully resolved — new trials compare treatment settings not treatment vs no treatment. Program requires daily IM injections for 7 days making delivery complex. Space well-funded by WHO/UNICEF under ENAP framework. AMR is growing concern for simplified regimens. No clear GW-type philanthropic entry point."
Lymphoedema management to prevent ADLA in podoconiosis,2021,1.7x (consumption-based model),Not cost-effective — morbidity/income pathway only with no mortality channel; 1.7x far below 8x bar,L,~1.7x (no material change),L,"Original BOTEC modeled consumption gains from the GoLBeT RCT (Negussie et al 2018 Lancet Global Health): simple lymphoedema management (foot hygiene compression shoes) reduced ALA incidence by 19% (IRR 0.81 p<0.0001). At $50/person/year (Mossy Foot Project estimate) the income-based CE is 1.7x GD. No mortality channel — podoconiosis causes morbidity and income loss but does not kill. ~4M people affected globally (1.5M in Ethiopia). Updates since 2021: EnDPoINT study (BMC Medicine 2025) demonstrated effectiveness and cost-effectiveness of integrated NTD care package (podoconiosis + LF + leprosy) in Ethiopia. WHO NTD Roadmap 2021-2030 includes podoconiosis with MMDP targets. Ethiopian government mainstreaming podoconiosis into health facilities with NGO support. But no new evidence changes the fundamental CE arithmetic — the income-to-UoV conversion without mortality inherently limits CE. Even dramatic cost reductions could not bridge the gap from 1.7x to 8x."
Cryptococcal antigen testing for people living with HIV,2020,27x (REMSTAT-based; range 5-41x),BOTEC only — no writeup or further investigation notes; likely deprioritized due to PEPFAR/Global Fund dominance in HIV space,L,~8-10x with corrected moral weights (range 2-14x),L,"Original BOTEC used 100 UoV per death averted — likely too high for adult HIV patients dying of cryptococcal meningitis (GW standard for adults ~30-50 UoV). With corrected moral weights (~35 UoV) CE drops from 27x to ~8-10x at central estimate and ~2x at pessimistic end. Screen-and-treat model (CrAg LFA at $2.50 → preemptive fluconazole for CrAg+ patients → hospitalization for confirmed CM) has strong evidence base: cost per death averted $1243 (range $803-6562). Key developments since 2020: AMBITION trial (NEJM 2022) showed single-dose liposomal amphotericin B non-inferior to 7-day course for CM treatment — now WHO first-line — dramatically simplifying treatment. CrAg screening uptake only 57% in Africa (2025 systematic review) indicating large implementation gap. But space dominated by PEPFAR ($6.7B+/year) and Global Fund. PEPFAR funding freeze/cuts (2025) create uncertainty but GW would be marginal funder. Target population (CD4<100) shrinking as ART access improves. Implementation barriers are health-system level (lab capacity lumbar puncture follow-up) not funding-gap level. Not GW's domain."
Oxygen therapy for children,2021,~7x non-COVID / ~14x COVID (BOTEC with $45/patient and CHAI cost structure; 100k patients/year),Uncertain RFMF given CHAI $100M 100&Change grant and large COVID oxygen spending; costs and benefits highly uncertain; evidence limited to pre/post studies and one RCT where oxygen supply added no benefit beyond pulse oximetry,M,~15x at $45/patient (range ~7x at $100 to ~25x at $26; using corrected GW moral weights),M,See writeup
Statins and/or polypill for CVD,2021,0.7-1.9x (PolyIran trial-based; all-cause mortality method 0.7x to fatal IHD method 1.9x),Below 8x bar; no implementing organizations; CVD deaths mainly in elderly (low moral weight by GW standards); required chronic daily medication with adherence challenges,L,~1-3x (modestly improved by stronger evidence and WHO EML inclusion),M,"Evidence has strengthened modestly. SECURE trial (NEJM 2022 n=2499 post-MI patients in Europe) found 24% MACE reduction and 33% CV mortality reduction — but secondary prevention only. WHO added polypills to Essential Medicines List (July 2023) for the first time — a landmark policy milestone. 2025 meta-analysis (Yazgi et al. 30 studies 35833 participants): pooled MACE RR 0.78 CV death RR 0.75 and all-cause mortality RR 0.88. Primary prevention MACE RR 0.75 (95% CI 0.55-1.02 non-significant). However CE is still structurally limited: (1) daily chronic medication at $0.35/day ($128/year) in LMICs — ICER $5767/QALY — an order of magnitude too expensive vs GW bar; (2) no large-scale primary prevention polypill program has ever been implemented despite WHO EML inclusion; (3) zero public pharmacies stock polypills even in countries with market authorization; (4) CVD deaths concentrated in elderly (moral weight 30-50 UoV); (5) manufacturing concentrated in 4 countries. NCD funding declining (34.4% drop 2020-2023). HEARTS program treats 12.2M hypertensive patients but focuses on BP-lowering not polypill. No clear philanthropic entry point."
Arsenic in wells (Bangladesh),2021,~18x (BOTEC only; 100k wells at $2/test with 35% switching rate 5-year benefits and HR 1.68 for high exposure),No writeup produced — BOTEC only; no identified implementer; evidence from observational cohort (HEALS); moral weights labeled as guesses (106 for adult 100 for infant),M,~10-20x (key parameters need scrutiny but 2025 JAMA evidence strengthens mortality case substantially),L,See writeup
Aspirin for acute myocardial infarction,2021,3.8x ($4.77/person/year; 10% mortality reduction from 2002 ATT meta-analysis; MW 30.7; 75% compliance; 70% early-stage and 75% durability adjustments),Low CE (3.8x well below 8x bar); early-stage investigation with key unknowns about LMIC implementation costs and counterfactual treatments,L,~3-4x (no material change),M,"No new placebo-controlled RCTs or meta-analyses materially change the ~10% mortality reduction estimate (ATT 2009 remains best evidence). 2023 JAMA study documents massive aspirin underuse in LMICs: only 16.6% of eligible patients in LICs and 24.5% in LMICs take aspirin for secondary prevention — none of 30 LICs/LMICs meet the WHO 50% target. WHO added polypill (containing aspirin) to Essential Medicines List (2023). HEARTS initiative expanding but focused on hypertension not aspirin. ADAPTABLE trial (2021) confirmed low-dose aspirin equivalent to high-dose (no CE impact). P2Y12 inhibitors emerging as potentially superior but more expensive. No LMIC-specific cost-effectiveness analyses published since original. No large-scale dedicated aspirin secondary prevention program identified in LMICs. MIMIC trial in Tanzania improved aspirin use from 34% to 72% at a single hospital but no cost data. Drug cost is trivial (~$0.08/day) but identifying and retaining post-MI patients requires health system infrastructure. CE at 3.8x — driven by adult CVD deaths with low moral weight (~30 UoV) — remains far below 8x bar."
Prophylactic antibiotics to reduce infections from caesarian sections,2020,10.6x ($5/patient guess; 68% maternal mortality reduction derived from Smaill & Grivell 2014 Cochrane RR 0.31 for serious infections × 9.62% CFR; MW 113 per maternal death),BOTEC only — no writeup; cost is a guess; mortality reduction derived indirectly; high MW not validated,L,~3-5x (original CE overstated due to high counterfactual coverage),M,"Original CE of 10.6x is substantially overstated because the BOTEC assumes zero counterfactual prophylaxis coverage. WHO Multicountry Survey finds ~87% of C-sections globally already receive prophylactic antibiotics (though with large facility-level variation and lower rates in SSA). The marginal addressable population is the ~13-40% not receiving prophylaxis — primarily in lower-quality SSA facilities. Adjusting for ~60% counterfactual coverage in target areas reduces deaths averted by ~60% and CE to ~3-5x. Additional concerns: (1) MW of 113 per maternal death is at the upper end (plausible for women aged 25-30 based on GW age-weight curve but should be explicitly grounded); (2) $5/patient is an unsourced guess (drug cost alone is <$1-2 for a single dose of cefazolin); (3) the intervention is really about health system quality improvement and protocol adherence not drug distribution — costs per marginal patient may be much higher; (4) growing AMR concerns with routine prophylaxis (WHO 2025 declined to recommend routine prophylaxis for vaginal births partly due to AMR). Cochrane review not updated since 2014 but evidence base is strong (95 studies). C-section rates rising in LMICs (projected 33.5M/year by 2030). WHO 2021 guideline confirms single-dose cephalosporin or penicillin. No clear philanthropic entry point — this is a health system strengthening challenge not a drug access problem."
Eggs for early complementary feeding,2020,1.63x ($77/recipient for 6-month egg intervention; HAZ effect 0.35 SD avg of Ecuador 0.63 and Malawi 0.07; 87% of value from HAZ-to-adult-earnings pathway),Not cost-effective (1.63x far below 8x bar); HAZ effect highly variable across settings; dependent on speculative earnings conversion,L,~0.5-1x (evidence weakened since original),M,"Evidence has weakened since the original assessment. Most critically: the Ecuador Lulun follow-up (Iannotti 2020) found the original 0.63 SD HAZ effect completely disappeared within 2 years — both groups had identical HAZ of -2.07 at follow-up with 50% stunting prevalence. The egg group actually experienced significantly greater HAZ decline from endline (beta -0.497 p=0.001). This undermines the entire 40-year adult earnings pathway which requires persistent height gains. WHO's own systematic review for its 2023 complementary feeding guidelines pooled two RCTs and found no significant HAZ effect (MD 0.06 95% CI -0.10 to 0.22) — dramatically lower than the 0.35 SD assumed in the original BOTEC. Burkina Faso Un Oeuf trial found no significant effect on stunting. Malawi Mazira result (0.07 SD) confirmed as closer to the true effect than Ecuador (0.63 SD). Using updated WHO pooled estimate (0.06 SD) instead of 0.35 SD would reduce CE by ~83%. No organization implements egg supplementation at scale as a standalone health intervention. SQ-LNS offers a much stronger evidence base (12-14% stunting reduction in IPD meta-analysis) at comparable costs (~$52/child). WHO 2023 recommends daily animal source foods (meat fish OR eggs) as part of dietary diversity but this is a general nutrition recommendation not support for targeted egg supplementation. Not worth revisiting."
MDR-TB treatment (multi-drug resistant tuberculosis),2017,No BOTEC produced (evidence too thin — only observational studies; treatment success ~60-78% with 18-24 month injectable regimens; cost $1000-5000/patient),Weak evidence base — WHO recommendation based on very low quality observational evidence; only meta-analyses of treatment success rate available; no RCTs; RCTs flagged for 2018-2019,M,~3x at $1500/patient (range ~2x at $2500 to ~15x at $310 drug-only),L,See writeup
Conditional incentives to avert child marriage,2017,~3.2x (counting consumption benefits + child marriages averted with subjective values + severe pregnancy complications averted),CE not high enough to prioritize (~3.2x); skeptical of generalizability outside rural Bangladesh; uncertain moral weight for averting child marriage,L,~3x (no material change),M,"Study published as Buchmann et al. 2023 in American Economic Review (vol. 113(10) pp. 2645-88) — 'A Signal to End Child Marriage.' Published results consistent with 2017 working paper: financial incentive reduced child marriage by 19% (previously reported as 21%). Program cost $21/girl/year ($16 cooking oil + $5 admin) for ~3 years. CE at 3.2x driven primarily by consumption benefits of cash transfer and subjective valuation of child marriages averted — pregnancy complications averted contribute relatively little. No new Bangladesh RCTs. UNICEF 2024: child marriage rates declining globally (1 in 5 vs 1 in 4 a decade ago) but 12M girls still married/year. UNFPA-UNICEF Global Programme Phase III (2024-2030) active across 12 high-burden countries. Key structural constraints unchanged: (1) 3.2x is far below 8x bar; (2) most CE comes from subjective valuation of averting child marriage — GW has no standard moral weight for this; (3) program specific to rural Bangladesh with uncertain generalizability; (4) no mortality channel; (5) Save the Children is the only identified implementer. Even doubling the value of averting child marriage or adding education-to-income benefits would not plausibly reach 8x. Not worth revisiting."
Schizophrenia antipsychotics or community-based care,2019,~1.2x (based on BasicNeeds model: $721/DALY 1.48 DALYs averted per patient at $1067 cost),Not cost-effective (1.2x far below bar); morbidity-only intervention with no mortality channel; uncertain conversion from GHQ-12 scores to DALYs,L,~1-2x (no material change),L,"GBD 2021 reports ~14.8M schizophrenia DALYs globally (up from ~8.8M in 1990) but GBD does not attribute any deaths directly to schizophrenia — burden is entirely YLDs. No large-scale LMIC RCTs with cost data published since the original assessment. COPSI trial (India) tested collaborative community-based care but is older. SAMARTH project (2025-2030 NIMH-funded Sangath/Harvard) will test digital psychosocial rehabilitation in Indian primary care — results years away. WHO mhGAP guidelines updated but no fundamental change in treatment recommendations. Community-based care models remain evidence-based but expensive relative to effect size. Key structural constraints unchanged: (1) 1.2x is an order of magnitude below 8x bar; (2) no mortality channel — schizophrenia is a chronic morbidity condition; (3) GW has no standard moral weight for mental health improvements vs. death prevention; (4) treatment costs ($1000+/patient for 2-year program) are high relative to DALY gains; (5) antipsychotic medication requires ongoing supply chains and monitoring. Even dramatic cost reductions (5x) would only reach ~6x and would require lower-quality care models not yet validated. Not worth revisiting."
CBT and interpersonal therapy (StrongMinds),2017,~0.5x (StrongMinds BOTEC using $200/patient and 2-year half-life; no IV adjustment),Low CE (0.5x); uncertain moral weights for depression relief vs death prevention; uncertain evidence base (self-reported outcomes possible demand effects); unknown income/consumption effects,L,~2-3x (dramatically lower costs but GW assessment caps CE),M,"StrongMinds has scaled dramatically since 2017: 426642 clients treated in 2024 (vs ~5000 in 2015) at $23/person (vs ~$200-375 in 2015-2017) — a ~10x cost reduction. Happier Lives Institute (HLI) estimates 40 WELLBYs per $1000 donated (5.3x GiveDirectly). However GiveWell conducted an explicit assessment in 2023 concluding StrongMinds is ~25% as cost-effective as GW's marginal funding opportunities — roughly ~2-2.5x cash transfers. GW identified a wide plausible range (5-80% of marginal) but their best guess is far below the 8x bar. Key differences between HLI and GW estimates: GW applies larger discounts for social desirability bias in self-reported depression scores publication bias lower effects at scale and lower spillover assumptions. The fundamental constraint is the moral weight debate: how to value depression relief relative to averting child deaths. GW's framework heavily weights mortality prevention. Even at $23/person with HLI's more generous 5.3x estimate this does not clear the 8x bar. StrongMinds now operates in Uganda and Zambia with plans to expand. WHO recommends IPT-G as first-line depression treatment in resource-poor settings. No new large RCTs resolve the effect-size-at-scale question. Rethink Priorities also analyzed the uncertainty and found wide confidence intervals. Not worth revisiting under GW's current moral weight framework."
Synbiotics to prevent neonatal sepsis,2018,~14x at 5% CFR ($1106/infant life saved; RR 0.6 for death/sepsis at $2/course based on Panigrahi et al. 2017),BOTEC only — no writeup produced; single trial (Panigrahi 2017 Nature n=4556 rural India); 5% neonatal sepsis CFR is uncertain; no replication,L,~5-14x (unchanged; single unreplicated trial with uncertain CFR),L,"The Panigrahi et al. 2017 Nature trial (n=4556 rural Odisha India) remains the sole evidence: oral synbiotic (L. plantarum + FOS) given for 7 days reduced death/sepsis by 40% (RR 0.60 95% CI 0.48-0.74). Despite being published in Nature and the authors calling for replication no replication trial has been published in 8 years. A corrigendum was published (Nature Nov 2017). The 2023 Frontiers Bayesian network meta-analysis (29 RCTs 4906 neonates in LMICs) focused on preterm/VLBW infants — a different population from Panigrahi's full-term cohort. CE is extremely sensitive to the neonatal sepsis CFR: at 5% (BOTEC guess) ~14x; at 10% ~28x; at 2% ~5.5x. No WHO recommendation for this specific synbiotic formulation. Safety concerns: systematic review identified 32 cases of probiotic-related sepsis in preterm infants across 16 studies. No identified implementer at scale. The lack of replication after 8 years despite a striking Nature result is a strong negative signal — suggests either the result is fragile or no funder/implementer was willing to invest in scale-up. Not worth revisiting unless a replication trial is published."
Adolescent pregnancy prevention interventions,2017,~$2000-3000 per pregnancy averted (CCTs ~$2941/pregnancy averted from Baird 2010; community programs ~$2143 from Ross 2007; best case ~$693 from Ross projected costs),Mixed evidence — most interventions show marginal or no effect (McQueston 2013 SR); cost per pregnancy averted higher than direct contraceptive provision; no clear mortality channel modeled,L,~$700-3000 per pregnancy averted (no material change; direct contraception via Sayana Press is more cost-effective),L,"No new large LMIC RCTs fundamentally change the picture. A 2023 overview of systematic reviews found school-based skill-building and peer-led programs 'generally effective' but without LMIC-specific cost data. Structural interventions (CCTs education subsidies) remain the strongest evidence per McQueston 2013. However the key development since 2017 is GiveWell's 2025 contraception valuation framework (0.7 UoV per woman-year of modern contraception) and Sayana Press at ~$12/woman-year (~13x cash). This makes indirect pregnancy prevention via CCTs or community programs look even worse by comparison: at $2941/pregnancy averted (Baird CCT) vs ~$17/pregnancy averted via Sayana Press self-injection the indirect approach is ~170x more expensive per pregnancy averted. Even at the most optimistic $693/pregnancy averted (Ross projected) the indirect approach is ~40x more expensive. The QEA correctly identified this: the program was rated 2.5x less cost-effective than Sayana Press for preventing pregnancies. UNFPA-UNICEF Global Programme Phase III (2024-2030) continues multi-component approaches but GW's comparative advantage is in direct contraceptive provision not community-based adolescent programs. Not worth revisiting."
Rural electrification,2017,No CE estimate (no BOTEC produced; cost data unavailable),Exploratory QEA only — no cost data found; mixed quasi-experimental evidence; cost-effectiveness assessment deemed to require significant time investment,L,~1-2x (infrastructure intervention with no mortality channel),L,"The minigrid sector has scaled substantially since 2017: 11M connections operational in SSA rural electrification rate up from 17% to 28%. Evidence has improved: quasi-experimental studies document 50%+ household income increases from electrification. Costs remain high: typical minigrid LCOE >$0.60/kWh connection costs $300-1000+ per household. But CE by GW standards remains very low because: (1) no mortality channel — benefits are income/productivity/education; (2) per-beneficiary costs are very high ($300-1000+); (3) income-to-UoV conversion without mortality inherently limits CE; (4) massive existing funding from governments World Bank AfDB and MDBs ($84B committed for SDG7). Rwanda has attracted private minigrid investment; solar costs have fallen. But even optimistic scenarios (50% income gain $500 investment $657 baseline consumption 10-year horizon) yield ~1-2x cash by standard GW methodology. This is a development infrastructure intervention fundamentally different from GW's health-focused portfolio. Not worth revisiting."
Broad behavior change program for adolescent girls in India (Saloni),2017,No CE estimate (no cost data available),Single flawed RCT (Kapadia-Kundu 2014) with self-reported outcomes baseline imbalances and atypical events during trial; no cost data; program apparently discontinued,L,Indeterminate (no cost data; program likely defunct),L,"The original QEA identified serious methodological problems with the sole RCT: (1) all outcomes self-reported health behaviors with no independent measurement of health outcomes; (2) baseline imbalances between treatment and control groups on key variables (IFA consumption handwashing); (3) atypical events during trial (government supply disruption of IFA/deworming tablets led treatment group to demand tablets through non-government sources creating differential access). No cost data were reported making CE indeterminate. The program (10-session school-based intervention for 11-14 year old girls in Uttar Pradesh promoting 19 health behaviors) does not appear to be currently operational — the QEA author found no evidence of continued operation beyond 2015. No new studies on the Saloni program have been published. The Watson et al. 2017 SR on handwashing referenced in the original has been superseded by GW's own handwashing investigation. India-specific. Not worth revisiting — defunct program with no reliable evidence base."
CCTs to reduce deforestation (payments for ecosystem services),2017,~$2.60/tonne CO2 averted (Jayachandran et al. 2017 Science; benefit-cost ratio 2.4 for carbon),Environment/climate intervention — CE framed as cost per tonne CO2 averted not health outcomes; GW's framework requires health/mortality benefits,L,~$2.60/tonne CO2 (no health channel; permanence questionable),L,"The Jayachandran et al. 2017 RCT (121 villages Uganda) was published in Science and remains a landmark study. Follow-up research (World Bank 2020) examined permanence: deforestation resumed at normal rates 4 years after program ended though forest cover gains during the program were maintained (suggesting permanent delay in deforestation not permanent behavior change). Benefit-cost ratio for carbon was 14.8 under permanent delay scenario. Jayachandran 2023 found PES benefited poorer households more than richer ones. The PES/REDD+ space has grown substantially: LEAF Coalition ($1B+) World Bank Forest Carbon Partnership ($1.3B) and numerous voluntary carbon market programs. But none of this changes the fundamental issue: this is a climate/environment intervention with no health or mortality channel. GW's CE framework requires conversion of benefits to units of value based on health outcomes. Carbon emissions averted cannot be converted to GW's UoV framework without speculative modeling of climate-health pathways over decades. Even Cool Earth (recommended by some EAs) operates in a fundamentally different framework from GW's health-focused portfolio. Not worth revisiting by GW."
Snakebite antivenom,2017,~0.7-0.9x ($31395/adult life saved; $16970/under-5 equivalent; based on $900/5-vial dose 75% mortality reduction with 70% IV and 70% EV adjustments and 20% wastage),CE below bar (0.7-0.9x); no RCTs (4 observational studies); very high antivenom cost (~$900/dose); heavy IV/EV discounts; only tested for carpet vipers,L,~0.5-3x (improved by lower antivenom costs in some settings but still below bar; space now well-funded),M,"WHO launched its first snakebite envenoming strategy in 2019 with goal to halve deaths/disability by 2030. Wellcome Trust committed $100M for snakebite research including next-generation antivenoms. Global Snakebite Taskforce formed 2025 (co-chaired by Kenya MOH). West African CEA found $83-281/DALY averted for antivenom scale-up ($1997-6205/death averted) — much more favorable than original BOTEC but uses different cost structures and lower antivenom prices ($18-200/vial in SSA vs $180/vial in original). GBD 2021: ~80000 snakebite deaths/year (consistent with 2017). Major development: next-generation recombinant antivenoms (nanobodies monoclonal antibodies) in active development at 30+ institutions — could dramatically reduce costs and improve safety/efficacy but still years from market. Even with updated West African cost data CE only reaches 5-9x under optimistic assumptions and 2-3x under conservative assumptions. Key constraints: (1) adult deaths (mean age 27) get moderate moral weight (~40 UoV vs 52.5 for under-5); (2) evidence base still entirely observational; (3) cold chain logistics and snake-specific matching remain major implementation barriers; (4) space now substantially better funded (Wellcome $100M WHO strategy GAVI). Next-gen antivenoms are the potential game-changer but too speculative to act on now. Not worth revisiting until recombinant antivenoms reach Phase III trials."
Sickle cell disease screening and treatment,2023,7-11x (CHAI BOTEC; 5-year Nigeria program; crosses 8x by year 3),Sustainability concern (lifelong treatment but program covers 0-5 only); no RCT; GW review flagged high IV/EV adjustments and missing adherence/leverage adjustments; Monte Carlo showed only 41% probability of being CE,M,~3x with sustainability discount (~6x face value; ~10x best case with treatment-only + lifelong access),L,See writeup
